{
    "accuracy": 0.7828461291358818,
    "precision": 0.771076523994812,
    "recall": 0.7863756613756614,
    "auc": 0.8674846491445493
}